id,name,read,pattern,sequence,feature_type,target_gene_name
CD13_1a,CD13_1a,R2,(BC)GTTTCAGAGCTAAGCACAAGAGTGC,GCGCAGCTCGGAACCCGCCA,CRISPR Guide Capture,CD13-(ANPEP)
CD13_1b,CD13_1b,R2,(BC)GTTTAAGAGCTAAGCTGGAA,GAAGCCCTTGGCCATGGTGA,CRISPR Guide Capture,CD13-(ANPEP)
CD55_1a,CD55_1a,R2,(BC)GTTTCAGAGCTAAGCACAAGAGTGC,GCTGCGACTCGGCGGAGTCC,CRISPR Guide Capture,CD55
CD55_1b,CD55_1b,R2,(BC)GTTTAAGAGCTAAGCTGGAA,GGCTGGGCGTAGCTGCGACT,CRISPR Guide Capture,CD55
CD73_1a,CD73_1a,R2,(BC)GTTTCAGAGCTAAGCACAAGAGTGC,GGCTCGGGGACACATAGCTG,CRISPR Guide Capture,CD73-(NT5E)
CD73_1b,CD73_1b,R2,(BC)GTTTAAGAGCTAAGCTGGAA,GGGCGAGTGCCGGCGAGTAG,CRISPR Guide Capture,CD73-(NT5E)
FUBP1_1a,FUBP1_1a,R2,(BC)GTTTCAGAGCTAAGCACAAGAGTGC,GGCGGTCCACACTTACCTGC,CRISPR Guide Capture,FUBP1
FUBP1_1b,FUBP1_1b,R2,(BC)GTTTAAGAGCTAAGCTGGAA,GTAGCGGCCTACTCAGTCAG,CRISPR Guide Capture,FUBP1
C15orf40_1a,C15orf40_1a,R2,(BC)GTTTCAGAGCTAAGCACAAGAGTGC,GAGCGGGCTGAGGCACCTTC,CRISPR Guide Capture,C15orf40
C15orf40_1b,C15orf40_1b,R2,(BC)GTTTAAGAGCTAAGCTGGAA,GGAGCCCCGGAACTGAGAGA,CRISPR Guide Capture,C15orf40
MAFF_1a,MAFF_1a,R2,(BC)GTTTCAGAGCTAAGCACAAGAGTGC,GGAGCGGAGGGGAGACTGAC,CRISPR Guide Capture,MAFF
MAFF_1b,MAFF_1b,R2,(BC)GTTTAAGAGCTAAGCTGGAA,GCCCGGTTCAGAGCGACCTG,CRISPR Guide Capture,MAFF
FTH1_1a,FTH1_1a,R2,(BC)GTTTCAGAGCTAAGCACAAGAGTGC,GAGAGAAGAGCCAAGCCGG,CRISPR Guide Capture,Enh-23-8-FTH1
FTH1_1b,FTH1_1b,R2,(BC)GTTTAAGAGCTAAGCTGGAA,GCTGAACCTCCAGAAACCAC,CRISPR Guide Capture,Enh-23-8-FTH1
FTH1_2a,FTH1_2a,R2,(BC)GTTTCAGAGCTAAGCACAAGAGTGC,GTCACGAGGAGCTGAGCTGG,CRISPR Guide Capture,Enh-23-8-FTH1
FTH1_2b,FTH1_2b,R2,(BC)GTTTAAGAGCTAAGCTGGAA,GGGTGGGGGAGGTAGAACCC,CRISPR Guide Capture,Enh-23-8-FTH1
PLIN3_1a,PLIN3_1a,R2,(BC)GTTTCAGAGCTAAGCACAAGAGTGC,GGGAACCATGTCCAGTTAG,CRISPR Guide Capture,Enh37-10-PLIN3
PLIN3_1b,PLIN3_1b,R2,(BC)GTTTAAGAGCTAAGCTGGAA,GCCTGTTAGAACAGTGAGG,CRISPR Guide Capture,Enh37-10-PLIN3
PLIN3_2a,PLIN3_2a,R2,(BC)GTTTCAGAGCTAAGCACAAGAGTGC,GAACAGTGAGGAGGCCCCAG,CRISPR Guide Capture,Enh37-10-PLIN3
PLIN3_2b,PLIN3_2b,R2,(BC)GTTTAAGAGCTAAGCTGGAA,GAAGAGAGAGAGGCCAGGA,CRISPR Guide Capture,Enh37-10-PLIN3
TKT_1a,TKT_1a,R2,(BC)GTTTCAGAGCTAAGCACAAGAGTGC,GTGCGGTCAGGCTCTGTG,CRISPR Guide Capture,Enh-8-2-TKT
TKT_1b,TKT_1b,R2,(BC)GTTTAAGAGCTAAGCTGGAA,GCTCTGTGTGGCACTGCCGT,CRISPR Guide Capture,Enh-8-2-TKT
TKT_2a,TKT_2a,R2,(BC)GTTTCAGAGCTAAGCACAAGAGTGC,GGAGGTAAGTGCCAGTGTG,CRISPR Guide Capture,Enh-8-2-TKT
TKT_2b,TKT_2b,R2,(BC)GTTTAAGAGCTAAGCTGGAA,GGAGTTGACAGGGGCTGTA,CRISPR Guide Capture,Enh-8-2-TKT
LGALS3_1a,LGALS3_1a,R2,(BC)GTTTCAGAGCTAAGCACAAGAGTGC,GGGCCTCTTCAGTCATGT,CRISPR Guide Capture,Enh-29-9-LGALS3
LGALS3_1b,LGALS3_1b,R2,(BC)GTTTAAGAGCTAAGCTGGAA,GGCAGAGAACATCTAGACTG,CRISPR Guide Capture,Enh-29-9-LGALS3
LGALS3_2a,LGALS3_2a,R2,(BC)GTTTCAGAGCTAAGCACAAGAGTGC,GTTTGGAAACTGCTCCCCAT,CRISPR Guide Capture,Enh-29-9-LGALS3
LGALS3_2b,LGALS3_2b,R2,(BC)GTTTAAGAGCTAAGCTGGAA,GTGTTTTTGAGGCCTTTCTG,CRISPR Guide Capture,Enh-29-9-LGALS3
CSTB_1a,CSTB_1a,R2,(BC)GTTTCAGAGCTAAGCACAAGAGTGC,GGGTGCGGCCCTGAGCCCA,CRISPR Guide Capture,Enh-42-8-CSTB
CSTB_1b,CSTB_1b,R2,(BC)GTTTAAGAGCTAAGCTGGAA,GAAGGAAGAAGGGCCAACAG,CRISPR Guide Capture,Enh-42-8-CSTB
CSTB_2a,CSTB_2a,R2,(BC)GTTTCAGAGCTAAGCACAAGAGTGC,GCCTCTGCGCCCACACTCCA,CRISPR Guide Capture,Enh-42-8-CSTB
CSTB_2b,CSTB_2b,R2,(BC)GTTTAAGAGCTAAGCTGGAA,GATTTTCTCAAGGAGCACAA,CRISPR Guide Capture,Enh-42-8-CSTB
CTSB_1a,CTSB_1a,R2,(BC)GTTTCAGAGCTAAGCACAAGAGTGC,GGCCGGGCCTGCCATCAGAG,CRISPR Guide Capture,Enh-13-1-CTSB
CTSB_1b,CTSB_1b,R2,(BC)GTTTAAGAGCTAAGCTGGAA,GAGTGGCTGTGGTACTACT,CRISPR Guide Capture,Enh-13-1-CTSB
CTSB_2a,CTSB_2a,R2,(BC)GTTTCAGAGCTAAGCACAAGAGTGC,GTACCACAGCCACTCTGA,CRISPR Guide Capture,Enh-13-1-CTSB
CTSB_2b,CTSB_2b,R2,(BC)GTTTAAGAGCTAAGCTGGAA,GCGCATTAGCTCAAGACCG,CRISPR Guide Capture,Enh-13-1-CTSB
KLF6_1a,KLF6_1a,R2,(BC)GTTTCAGAGCTAAGCACAAGAGTGC,GAGAGCAGCCACACCTGGAG,CRISPR Guide Capture,Enh-20-9-KLF6
KLF6_1b,KLF6_1b,R2,(BC)GTTTAAGAGCTAAGCTGGAA,GCACAGCCCAGGAGAGCAA,CRISPR Guide Capture,Enh-20-9-KLF6
KLF6_2a,KLF6_2a,R2,(BC)GTTTCAGAGCTAAGCACAAGAGTGC,GGCAGGCTCCTCTCCAGGTG,CRISPR Guide Capture,Enh-20-9-KLF6
KLF6_2b,KLF6_2b,R2,(BC)GTTTAAGAGCTAAGCTGGAA,GACTGAAGAGTTAGTCTTG,CRISPR Guide Capture,Enh-20-9-KLF6
DE1_1a,DE1_1a,R2,(BC)GTTTCAGAGCTAAGCACAAGAGTGC,GGCACAGCCACATGTCTGCG,CRISPR Guide Capture,rs2823139
DE1_1b,DE1_1b,R2,(BC)GTTTAAGAGCTAAGCTGGAA,GTTATGGGCATACCAACCAA,CRISPR Guide Capture,rs2823139
DE1_2a,DE1_2a,R2,(BC)GTTTCAGAGCTAAGCACAAGAGTGC,GTTGAAACTTCTAGTTGTAA,CRISPR Guide Capture,rs2823139
DE1_2b,DE1_2b,R2,(BC)GTTTAAGAGCTAAGCTGGAA,GATCTAACCCCATATGAGAA,CRISPR Guide Capture,rs2823139
DE2_1a,DE2_1a,R2,(BC)GTTTCAGAGCTAAGCACAAGAGTGC,GCAGGAGTGACTGGACACTG,CRISPR Guide Capture,rs7642977
DE2_1b,DE2_1b,R2,(BC)GTTTAAGAGCTAAGCTGGAA,GAAGTAACTTTAATTGTCCT,CRISPR Guide Capture,rs7642977
DE2_2a,DE2_2a,R2,(BC)GTTTCAGAGCTAAGCACAAGAGTGC,GTGAAAGAATGACAATGGTG,CRISPR Guide Capture,rs7642977
DE2_2b,DE2_2b,R2,(BC)GTTTAAGAGCTAAGCTGGAA,GGAAAGCCGAGCTCGCCTTG,CRISPR Guide Capture,rs7642977
DE3_1a,DE3_1a,R2,(BC)GTTTCAGAGCTAAGCACAAGAGTGC,GACGTGTAGAAGGCACATCA,CRISPR Guide Capture,rs78581838
DE3_1b,DE3_1b,R2,(BC)GTTTAAGAGCTAAGCTGGAA,GGCGACATTGAACCTGCTCA,CRISPR Guide Capture,rs78581838
DE3_2a,DE3_2a,R2,(BC)GTTTCAGAGCTAAGCACAAGAGTGC,GACAGTGTGTGTCAGGTGCA,CRISPR Guide Capture,rs78581838
DE3_2b,DE3_2b,R2,(BC)GTTTAAGAGCTAAGCTGGAA,GCCATCAAAGGGATGCAGTC,CRISPR Guide Capture,rs78581838
DE4_1a,DE4_1a,R2,(BC)GTTTCAGAGCTAAGCACAAGAGTGC,GCCTGAAGGCTCAAAGTCAC,CRISPR Guide Capture,rs7707989
DE4_1b,DE4_1b,R2,(BC)GTTTAAGAGCTAAGCTGGAA,GAATAGGGTAGATCCCTGGT,CRISPR Guide Capture,rs7707989
DE4_2a,DE4_2a,R2,(BC)GTTTCAGAGCTAAGCACAAGAGTGC,GCTAGACCTGAACCCTGAGA,CRISPR Guide Capture,rs7707989
DE4_2b,DE4_2b,R2,(BC)GTTTAAGAGCTAAGCTGGAA,GCCAGTTTAATAACAGCACG,CRISPR Guide Capture,rs7707989
DE5_1a,DE5_1a,R2,(BC)GTTTCAGAGCTAAGCACAAGAGTGC,GGTTGAACAAACAGCTTCAG,CRISPR Guide Capture,rs527616
DE5_1b,DE5_1b,R2,(BC)GTTTAAGAGCTAAGCTGGAA,GGAGACTGAGCCAACTGACT,CRISPR Guide Capture,rs527616
DE5_2a,DE5_2a,R2,(BC)GTTTCAGAGCTAAGCACAAGAGTGC,GGACACTGTAGCGTTGTAGA,CRISPR Guide Capture,rs527616
DE5_2b,DE5_2b,R2,(BC)GTTTAAGAGCTAAGCTGGAA,GACTGAGCCAACTGACTTGG,CRISPR Guide Capture,rs527616
DE6_1a,DE6_1a,R2,(BC)GTTTCAGAGCTAAGCACAAGAGTGC,GCTGAGACACCCCATTCCCA,CRISPR Guide Capture,rs10283362
DE6_1b,DE6_1b,R2,(BC)GTTTAAGAGCTAAGCTGGAA,GGGCTGGATTGTGGTAAGAC,CRISPR Guide Capture,rs10283362
DE6_2a,DE6_2a,R2,(BC)GTTTCAGAGCTAAGCACAAGAGTGC,GGATCTGCAGTCATAAGACC,CRISPR Guide Capture,rs10283362
DE6_2b,DE6_2b,R2,(BC)GTTTAAGAGCTAAGCTGGAA,GCTGGCCCACCACCACCGAG,CRISPR Guide Capture,rs10283362
DE7_1a,DE7_1a,R2,(BC)GTTTCAGAGCTAAGCACAAGAGTGC,GGACCACATCCTAATCGTCA,CRISPR Guide Capture,rs34861762
DE7_1b,DE7_1b,R2,(BC)GTTTAAGAGCTAAGCTGGAA,GCTCCCATCCCATTCACAGT,CRISPR Guide Capture,rs34861762
DE7_2a,DE7_2a,R2,(BC)GTTTCAGAGCTAAGCACAAGAGTGC,GTGAAATGCATCCATCTGTG,CRISPR Guide Capture,rs34861762
DE7_2b,DE7_2b,R2,(BC)GTTTAAGAGCTAAGCTGGAA,GAATGTCTAGAACGAGCTTA,CRISPR Guide Capture,rs34861762
DE8_1a,DE8_1a,R2,(BC)GTTTCAGAGCTAAGCACAAGAGTGC,GCAATGAGCACCTATGCACT,CRISPR Guide Capture,rs16874072
DE8_1b,DE8_1b,R2,(BC)GTTTAAGAGCTAAGCTGGAA,GGAAAAGACACTTCCTGACA,CRISPR Guide Capture,rs16874072
DE8_2a,DE8_2a,R2,(BC)GTTTCAGAGCTAAGCACAAGAGTGC,GTTGCTACAATACAGTAGTA,CRISPR Guide Capture,rs16874072
DE8_2b,DE8_2b,R2,(BC)GTTTAAGAGCTAAGCTGGAA,GGGAAATAACCAGACTTGTG,CRISPR Guide Capture,rs16874072
DE9_1a,DE9_1a,R2,(BC)GTTTCAGAGCTAAGCACAAGAGTGC,GACAGGATGATTCAGCACTG,CRISPR Guide Capture,rs881858
DE9_1b,DE9_1b,R2,(BC)GTTTAAGAGCTAAGCTGGAA,GGGCTGTGGGGACCTGACTG,CRISPR Guide Capture,rs881858
DE9_2a,DE9_2a,R2,(BC)GTTTCAGAGCTAAGCACAAGAGTGC,GGTGGGTCCACTGGTGTCAG,CRISPR Guide Capture,rs881858
DE9_2b,DE9_2b,R2,(BC)GTTTAAGAGCTAAGCTGGAA,GCTTTAAGACTTGAAGGCTG,CRISPR Guide Capture,rs881858
DE10_1a,DE10_1a,R2,(BC)GTTTCAGAGCTAAGCACAAGAGTGC,GGCAGCCCGATTCCGCCACG,CRISPR Guide Capture,rs4669722
DE10_1b,DE10_1b,R2,(BC)GTTTAAGAGCTAAGCTGGAA,GCGAAGCCGGGATGTCCCTG,CRISPR Guide Capture,rs4669722
DE10_2a,DE10_2a,R2,(BC)GTTTCAGAGCTAAGCACAAGAGTGC,GAAATAATTACCTGCGTGTG,CRISPR Guide Capture,rs4669722
DE10_2b,DE10_2b,R2,(BC)GTTTAAGAGCTAAGCTGGAA,GTACCTTCCCGGTATCACCA,CRISPR Guide Capture,rs4669722
DE11_1a,DE11_1a,R2,(BC)GTTTCAGAGCTAAGCACAAGAGTGC,GAATGGAACAGTATTACACC,CRISPR Guide Capture,rs76839935
DE11_1b,DE11_1b,R2,(BC)GTTTAAGAGCTAAGCTGGAA,GGGATGGTACAAACTGGCCA,CRISPR Guide Capture,rs76839935
DE11_2a,DE11_2a,R2,(BC)GTTTCAGAGCTAAGCACAAGAGTGC,GCTGGGGCTTAAAAACAACT,CRISPR Guide Capture,rs76839935
DE11_2b,DE11_2b,R2,(BC)GTTTAAGAGCTAAGCTGGAA,GTGCTCAGGATGGTACAAAC,CRISPR Guide Capture,rs76839935
DE12_1a,DE12_1a,R2,(BC)GTTTCAGAGCTAAGCACAAGAGTGC,GAGCCGGGTGCAGCCAGGCG,CRISPR Guide Capture,rs6839100
DE12_1b,DE12_1b,R2,(BC)GTTTAAGAGCTAAGCTGGAA,GAGCCGCTGTGACAGCACTT,CRISPR Guide Capture,rs6839100
DE12_2a,DE12_2a,R2,(BC)GTTTCAGAGCTAAGCACAAGAGTGC,GAGAAAAGCCGGGTGCAGCC,CRISPR Guide Capture,rs6839100
DE12_2b,DE12_2b,R2,(BC)GTTTAAGAGCTAAGCTGGAA,GCTTCAGACTATGACAAGAG,CRISPR Guide Capture,rs6839100
DE13_1a,DE13_1a,R2,(BC)GTTTCAGAGCTAAGCACAAGAGTGC,GGGTTACTGAAGTTACTGGG,CRISPR Guide Capture,rs11154336
DE13_1b,DE13_1b,R2,(BC)GTTTAAGAGCTAAGCTGGAA,GCATTCCCACCTAGCTACAG,CRISPR Guide Capture,rs11154336
DE13_2a,DE13_2a,R2,(BC)GTTTCAGAGCTAAGCACAAGAGTGC,GAGAGTGAATGATTAACTCA,CRISPR Guide Capture,rs11154336
DE13_2b,DE13_2b,R2,(BC)GTTTAAGAGCTAAGCTGGAA,GGGAGCTCTATAATTAACCC,CRISPR Guide Capture,rs11154336
DE14_1a,DE14_1a,R2,(BC)GTTTCAGAGCTAAGCACAAGAGTGC,GAAGGAGAGTGCTGAAACGG,CRISPR Guide Capture,rs4720089
DE14_1b,DE14_1b,R2,(BC)GTTTAAGAGCTAAGCTGGAA,GTTCTCACACTTTCCCGTCT,CRISPR Guide Capture,rs4720089
DE14_2a,DE14_2a,R2,(BC)GTTTCAGAGCTAAGCACAAGAGTGC,GTCCACAGGGAAGAGCCAGT,CRISPR Guide Capture,rs4720089
DE14_2b,DE14_2b,R2,(BC)GTTTAAGAGCTAAGCTGGAA,GGAGGAGAGAGGGAGCAAGC,CRISPR Guide Capture,rs4720089
DE15_1a,DE15_1a,R2,(BC)GTTTCAGAGCTAAGCACAAGAGTGC,GTGAGCAGCTCTCCTGCCTA,CRISPR Guide Capture,rs2979488
DE15_1b,DE15_1b,R2,(BC)GTTTAAGAGCTAAGCTGGAA,GTTGCCTAGCTACCTCGGAG,CRISPR Guide Capture,rs2979488
DE15_2a,DE15_2a,R2,(BC)GTTTCAGAGCTAAGCACAAGAGTGC,GCAAAGTCCATGCCTTAGGC,CRISPR Guide Capture,rs2979488
DE15_2b,DE15_2b,R2,(BC)GTTTAAGAGCTAAGCTGGAA,GAGGCCCTGCATACACAAAG,CRISPR Guide Capture,rs2979488
DE16_1a,DE16_1a,R2,(BC)GTTTCAGAGCTAAGCACAAGAGTGC,GATGCCCTACCTGATTCATG,CRISPR Guide Capture,rs2661503
DE16_1b,DE16_1b,R2,(BC)GTTTAAGAGCTAAGCTGGAA,GTCAGGTAGGGCATTTCTGT,CRISPR Guide Capture,rs2661503
DE16_2a,DE16_2a,R2,(BC)GTTTCAGAGCTAAGCACAAGAGTGC,GTGCACCTCATGAATCAGGT,CRISPR Guide Capture,rs2661503
DE16_2b,DE16_2b,R2,(BC)GTTTAAGAGCTAAGCTGGAA,GATCAGGTAGGGCATTTCTG,CRISPR Guide Capture,rs2661503
DE17_1a,DE17_1a,R2,(BC)GTTTCAGAGCTAAGCACAAGAGTGC,GAGATGTGGTGCTGAACCTG,CRISPR Guide Capture,rs10224210
DE17_1b,DE17_1b,R2,(BC)GTTTAAGAGCTAAGCTGGAA,GAACAGGTGCTCAAGGCGAA,CRISPR Guide Capture,rs10224210
DE17_2a,DE17_2a,R2,(BC)GTTTCAGAGCTAAGCACAAGAGTGC,GAGGCTGATGTCAGCCCCAT,CRISPR Guide Capture,rs10224210
DE17_2b,DE17_2b,R2,(BC)GTTTAAGAGCTAAGCTGGAA,GAGAGTGGAGTCCCGCACCA,CRISPR Guide Capture,rs10224210
NTCE1_1a,NTCE1_1a,R2,(BC)GTTTCAGAGCTAAGCACAAGAGTGC,GCTGCATGGGGCGCGAATCA,CRISPR Guide Capture,non-targeting-00000/00001
NTCE1_1b,NTCE1_1b,R2,(BC)GTTTAAGAGCTAAGCTGGAA,GTGCACCCGGCTAGGACCGG,CRISPR Guide Capture,non-targeting-00000/00001
NTCE2_1a,NTCE2_1a,R2,(BC)GTTTCAGAGCTAAGCACAAGAGTGC,GTGTGCAACCTCCGCCGTTG,CRISPR Guide Capture,non-targeting-00002/00003
NTCE2_1b,NTCE2_1b,R2,(BC)GTTTAAGAGCTAAGCTGGAA,GCCCGAGCAGTGGCTCGCTA,CRISPR Guide Capture,non-targeting-00002/00003
NTCE3_1a,NTCE3_1a,R2,(BC)GTTTCAGAGCTAAGCACAAGAGTGC,GGTCAGGTAGAGGGATTGAG,CRISPR Guide Capture,non-targeting-00004/00005
NTCE3_1b,NTCE3_1b,R2,(BC)GTTTAAGAGCTAAGCTGGAA,GGAGGACGATCGTACTCCAG,CRISPR Guide Capture,non-targeting-00004/00005
NTCE4_1a,NTCE4_1a,R2,(BC)GTTTCAGAGCTAAGCACAAGAGTGC,GTATGGAGGGCTGGATCTGC,CRISPR Guide Capture,non-targeting-00006/00007
NTCE4_1b,NTCE4_1b,R2,(BC)GTTTAAGAGCTAAGCTGGAA,GCCTTGGCTAAACCGCTCCC,CRISPR Guide Capture,non-targeting-00006/00007
GDOC1_1a,GDOC1_1a,R2,(BC)GTTTCAGAGCTAAGCACAAGAGTGC,GTTAACAGTCTTCCTCAGCA,CRISPR Guide Capture,desert1
GDOC1_1b,GDOC1_1b,R2,(BC)GTTTAAGAGCTAAGCTGGAA,GATCACTAATGCCTTTGAGG,CRISPR Guide Capture,desert1
GDOC2_1a,GDOC2_1a,R2,(BC)GTTTCAGAGCTAAGCACAAGAGTGC,GTAGGCAACATCTAATGAGC,CRISPR Guide Capture,desert2
GDOC2_1b,GDOC2_1b,R2,(BC)GTTTAAGAGCTAAGCTGGAA,GTACCCATATTGCAGGTGGG,CRISPR Guide Capture,desert2
GDOC3_1a,GDOC3_1a,R2,(BC)GTTTCAGAGCTAAGCACAAGAGTGC,GAGATTGCCAGGGGATACGG,CRISPR Guide Capture,desert3
GDOC3_1b,GDOC3_1b,R2,(BC)GTTTAAGAGCTAAGCTGGAA,GGACCAGAAAGGGCTGCCCA,CRISPR Guide Capture,desert3
GDOC4_1a,GDOC4_1a,R2,(BC)GTTTCAGAGCTAAGCACAAGAGTGC,GGGTAGACAAAGCCACCTCA,CRISPR Guide Capture,desert4
GDOC4_1b,GDOC4_1b,R2,(BC)GTTTAAGAGCTAAGCTGGAA,GTCAGCCACCAACACAAATC,CRISPR Guide Capture,desert4
CCCE1_1a,CCCE1_1a,R2,(BC)GTTTCAGAGCTAAGCACAAGAGTGC,GTCTCAGATCCTACATACGA,CRISPR Guide Capture,Closed-chromatin-2-5kb-away-from-FTH1-enhancer
CCCE1_1b,CCCE1_1b,R2,(BC)GTTTAAGAGCTAAGCTGGAA,GATGACCCACCTCCAAACTG,CRISPR Guide Capture,Closed-chromatin-2-5kb-away-from-FTH1-enhancer
CCCE2_1a,CCCE2_1a,R2,(BC)GTTTCAGAGCTAAGCACAAGAGTGC,GGGTCAATCTTGAACCCCTG,CRISPR Guide Capture,Closed-chromatin-2-5kb-away-from-TKT-enhancer
CCCE2_1b,CCCE2_1b,R2,(BC)GTTTAAGAGCTAAGCTGGAA,GCATGTGGGATCCACTCCTG,CRISPR Guide Capture,Closed-chromatin-2-5kb-away-from-TKT-enhancer
CCCE3_1a,CCCE3_1a,R2,(BC)GTTTCAGAGCTAAGCACAAGAGTGC,GAAAAGTAGGACATACGTGG,CRISPR Guide Capture,Closed-chromatin-2-5kb-away-from-PLIN3-ehancer
CCCE3_1b,CCCE3_1b,R2,(BC)GTTTAAGAGCTAAGCTGGAA,GTGGGTGAGAGTAGTTCTGG,CRISPR Guide Capture,Closed-chromatin-2-5kb-away-from-PLIN3-ehancer
CCCE4_1a,CCCE4_1a,R2,(BC)GTTTCAGAGCTAAGCACAAGAGTGC,GGCATAACCCTAGATCCCAA,CRISPR Guide Capture,Closed-chromatin-2-5kb-away-from-KLF6-enhancer
CCCE4_1b,CCCE4_1b,R2,(BC)GTTTAAGAGCTAAGCTGGAA,GATGACGAGCTATGGAAACC,CRISPR Guide Capture,Closed-chromatin-2-5kb-away-from-KLF6-enhancer
